Image Name,PSNR,SSIM
low00690.png,21.5210,0.8599
low00691.png,21.3955,0.8350
low00692.png,19.2960,0.8304
low00693.png,19.5625,0.8329
low00694.png,20.6757,0.8111
low00695.png,20.6490,0.8095
low00696.png,17.0129,0.7726
low00697.png,16.9682,0.7681
low00698.png,18.7771,0.8899
low00699.png,18.7279,0.8722
low00700.png,16.8453,0.8037
low00701.png,16.9084,0.8120
low00702.png,12.8611,0.7811
low00703.png,12.8451,0.7798
low00704.png,12.7963,0.7782
low00705.png,18.6825,0.8011
low00706.png,18.6310,0.8005
low00707.png,18.6418,0.8006
low00708.png,24.0530,0.8726
low00709.png,24.2113,0.8760
low00710.png,20.3560,0.9210
low00711.png,20.3324,0.9208
low00712.png,24.3594,0.9365
low00713.png,24.4512,0.9357
low00714.png,21.5755,0.8128
low00715.png,22.1817,0.8018
low00716.png,19.2631,0.8327
low00717.png,17.7195,0.8253
low00718.png,14.7838,0.6973
low00719.png,14.8223,0.7012
low00720.png,19.8966,0.8317
low00721.png,20.5111,0.8264
low00722.png,14.8746,0.7181
low00723.png,14.4630,0.7148
low00724.png,16.8561,0.6146
low00725.png,16.6413,0.6223
low00726.png,14.1324,0.7441
low00727.png,14.4919,0.7562
low00728.png,14.4234,0.7074
low00729.png,13.8181,0.7643
low00730.png,13.8452,0.7665
low00731.png,15.5729,0.7574
low00732.png,15.8048,0.7584
low00733.png,19.1764,0.8222
low00734.png,19.2474,0.8226
low00735.png,19.3986,0.7376
low00736.png,19.4686,0.7458
low00737.png,15.8722,0.7384
low00738.png,16.6656,0.7545
low00739.png,18.3585,0.8618
low00740.png,18.3715,0.8613
low00741.png,17.9652,0.8269
low00742.png,17.9150,0.8139
low00743.png,17.7203,0.8173
low00744.png,23.3553,0.8195
low00745.png,17.7302,0.6980
low00746.png,17.5662,0.6834
low00747.png,22.7318,0.8222
low00748.png,22.8831,0.8288
low00749.png,22.1211,0.8430
low00750.png,24.5539,0.8469
low00751.png,14.9955,0.7739
low00752.png,22.3666,0.8623
low00753.png,19.4303,0.8066
low00754.png,19.4689,0.8086
low00755.png,15.7963,0.7730
low00756.png,15.8286,0.7732
low00757.png,17.4718,0.7637
low00758.png,22.4662,0.8194
low00759.png,18.4938,0.8070
low00760.png,18.7545,0.8343
low00761.png,21.8881,0.8622
low00762.png,21.9135,0.8629
low00763.png,16.7384,0.7448
low00764.png,17.7010,0.7913
low00765.png,19.4208,0.7323
low00766.png,19.4825,0.7462
low00767.png,18.0312,0.7989
low00768.png,18.7031,0.7362
low00769.png,18.2154,0.7763
low00770.png,18.1703,0.7751
low00771.png,18.9510,0.6549
low00772.png,19.2696,0.7487
low00773.png,19.3008,0.8759
low00774.png,17.7249,0.8507
low00775.png,21.1849,0.7709
low00776.png,21.6641,0.7580
low00777.png,19.7314,0.7261
low00778.png,19.7926,0.7220
low00779.png,18.9629,0.8581
low00780.png,19.0431,0.8580
low00781.png,19.7604,0.7617
low00782.png,19.8265,0.7767
low00783.png,19.8263,0.7775
low00784.png,16.0474,0.7304
low00785.png,16.0139,0.7233
low00786.png,16.0419,0.7349
low00787.png,18.6265,0.7281
low00788.png,18.1955,0.7156
low00789.png,18.2059,0.7160

Average,18.6085,0.7903
